ResortID,City,State,Name
00000001,Putun,,Flor De Pasmo
00000002,Kanigorokrajan,,Cascade Aster
00000003,Jiaqiao,,Snakewood
00000004,Bamenda,,Rugulose Shield Lichen
00000005,Szczerbice,,Variableleaf Indian Plantain
00000006,Cavinti,,Porocyphus Lichen
00000007,Koygorodok,,Small Green Wood Orchid
00000008,Nglego,,Field Groundcherry
00000009,Las Flores,Coahuila De Zaragoza,Madhuca
00000010,Teresópolis,,Sulphur-flower Buckwheat
00000011,Reshetylivka,,Mullein
00000012,Qasr Abu Hadi,,Pale Bastard Toadflax
00000013,Sevaster,,Cynodontium Moss
00000014,Stalowa Wola,,Cliff Desertdandelion
00000015,Yablochnyy,,Flavoparmelia Lichen
00000016,Suwatu,,Orcutt Grass
00000017,Manat,,Dixie Whitetop Aster
00000018,Raojān,,Shell Lichen
00000019,Bohai,,Parashant Woodyaster
00000020,Prudentópolis,,Bush Yam
00000021,Nyandoma,,Fetid Goosefoot
00000022,Зуунмод,,Reussia
00000023,Ayía Triás,,Lake Huron Tansy
00000024,Nîmes,Languedoc-Roussillon,Scaly Polypody
00000025,Łukowa,,Bog Stitchwort
00000026,Kalávryta,,Rosy Lupine
00000027,Darnah,,Cyrtandra
00000028,Odolena Voda,,Domingoa
00000029,Al ‘Alamayn,,Western Pearlwort
00000030,Canela,,Karamyschev's Wheat
00000031,Hvar,,Allegheny Hawkweed
00000032,Infantas,Braga,Hypnum Moss
00000033,Sitampiky,,Boynton's Dewberry
00000034,Stonewall,Manitoba,Twoheaded Water-starwort
00000035,Kedungreja,,Nitbearing Lipfern
00000036,Marmárion,,Spinytooth Clover
00000037,Magog,Québec,Stebbins' Desertdandelion
00000038,Nyköping,Södermanland,Drummond's Hedgenettle
00000039,Springfield,Massachusetts,Bayberry Willow
00000040,Curug,,Antilles Parmotremopsis
00000041,Minneapolis,Minnesota,Jones' False Cloak Fern
00000042,Asembagus,,Jug Orchid
00000043,Lowayu,,Caribbean Milkwort
00000044,Krajan Kulon,,Sartwell's Sedge
00000045,Takai,,Nuttall's Bladderpod
00000046,Güines,,Fairy Slipper
00000047,Delanggu,,Waimea Canyon Nehe
00000048,Bouillon,Wallonie,Beggarticks
00000049,Rizó,,Cuddy Mountain Onion
00000050,Hedaru,,Stickpea
00000051,Wuyang,,Doubtful Knight's-spur
00000052,Goz Beïda,,Piedmont Marsh Elder
00000053,Ta’ Xbiex,,Honeycombed Lichen
00000054,Anuradhapura,,Mountain Azalea
00000055,Qiancheng,,Owl's-claws
00000056,Kościelec,,Parallel Sedge
00000057,Ash Shaddādah,,Mouse Barley
00000058,Perivóli,,Rajania
00000059,Sandakan,Sabah,Lake Louise Arnica
00000060,Mabusag,,Whiting's Dalea
00000061,Shah Alam,Selangor,Pygmyflower Rockjasmine
00000062,Wuxi,,Fan Palm
00000063,Diego de Almagro,,Britton's Skullcap
00000064,Tianchi,,Largeleaf Blackberry
00000065,Changfu,,Wirelettuce
00000066,Sabangan,,Beard Lichen
00000067,Fresno,California,Star-mustard
00000068,Banhā,,Lemon Beebalm
00000069,San Felipe,,Tussock Cottongrass
00000070,Yantal’,,Greene's Maple
00000071,Quanxi,,Woodland Strawberry
00000072,Sulęcin,,Shoeblackplant
00000073,Uppsala,Uppsala,Nehe
00000074,Beijie,,Cardboard Palm
00000075,Tagakpan,,Saltmeadow Cordgrass
00000076,Cikawung,,Hinckley's Brickellbush
00000077,Zhongba,,Rock Tansy
00000078,Unión,,Nevada Cryptantha
00000079,Ponte da Pedra,Leiria,Hypnum Moss
00000080,Muaraenim,,Nevin's Barberry
00000081,Debar,,Crown Tickseed
00000082,Inanwatan,,Tortoiseshell Bamboo
00000083,Panacan,,Porter's Groundsel
00000084,Jagüey Grande,,Nioi
00000085,Milton,Ontario,Yaupon Blacksenna
00000086,Enshi,,Punctelia
00000087,Canaries,,Smallhead Cat's Ear
00000088,Watodei,,Looseflower Water-willow
00000089,Rios Frios,Coimbra,Nimblewill
00000090,Madīnat ash Shamāl,,Red Rodwood
00000091,New Shagunnu,,Lange's Sedge
00000092,Birowo,,Black Damar
00000093,Dmanisi,,Torrey's Bulrush
00000094,Hangchuan,,Parkia
00000095,Aix-en-Provence,Provence-Alpes-Côte d'Azur,Slender Cottongrass
00000096,Potongan,,Aloina Moss
00000097,Bronx,New York,Appendage Orchid
00000098,Guimarães,Braga,Trask's Island Broom
00000099,Pasirtujuhpuluh,,Heartleaf Cyrtandra
00000100,Potoni,,Stillman's Needlegrass