OwnerID,Name,Email,Password,AccountID
00000001,fscutchings0,ghansie0@java.com,2Z436BysF,00000001
00000002,jclarycott1,blochran1@mapy.cz,1PCmwne,00000002
00000003,cgillaspy2,czarfat2@nsw.gov.au,fHfu5he,00000003
00000004,mdignall3,agobbet3@ovh.net,TpNtlHFLeir,00000004
00000005,smcquaid4,bbiglin4@discuz.net,l6U6V8o,00000005
00000006,osighard5,cklein5@clickbank.net,ifSbEghOt,00000006
00000007,cmacgibbon6,dsellstrom6@shareasale.com,xpQ27jlzVik,00000007
00000008,cjosupeit7,okobsch7@smh.com.au,M33UeJ7A1Wq,00000008
00000009,rwodham8,bechalier8@parallels.com,dJR551,00000009
00000010,dstacey9,ebartholomieu9@answers.com,F9RwujBf,00000010
00000011,voshevlina,ntaffeea@usatoday.com,LHvEaEEeZpb,00000011
00000012,aexrollb,dmccafferyb@ow.ly,ZYJIswp7CByu,00000012
00000013,hgaynesfordc,lbrawleyc@walmart.com,4FkZ1iWQrMsf,00000013
00000014,forrd,fpeoplesd@about.com,ccHmAT,00000014
00000015,hgoodswene,gbadinie@networksolutions.com,WDQWkW8YQro,00000015
00000016,abartlomiejf,clongfootf@bloomberg.com,mD2dOmd,00000016
00000017,dulyatg,fmcculleyg@behance.net,MumtIAI7ESm,00000017
00000018,rroofh,amorgansh@tinypic.com,i8vKoOpMo0R1,00000018
00000019,lcorpei,tinglesfieldi@cocolog-nifty.com,tgWVnlBuL,00000019
00000020,gfordhamj,hromanskij@ifeng.com,KrzFaPpQLWYe,00000020
00000021,pgrinvalk,apherpsk@businessweek.com,FO6Je0vOLaW,00000021
00000022,zcrewsl,deberzl@cloudflare.com,o7oAcVEbTUA,00000022
00000023,jcocklem,bparism@newsvine.com,6XcvtXl,00000023
00000024,bhearnshawn,mnoten@dell.com,Bkk4HRIfD,00000024
00000025,fturnello,mowaino@businessweek.com,3GYOW40N,00000025
00000026,kslemmingp,rsyselandp@vinaora.com,QIMrw9gFG,00000026
00000027,qspawellq,kfrieseq@mlb.com,EEb9HIJz,00000027
00000028,hhayerr,ppinkr@mit.edu,oe836tvId9f,00000028
00000029,jyairs,aboffeys@bbc.co.uk,YZPWpD1dw,00000029
00000030,lporchert,sickovt@is.gd,9vIIm3,00000030
00000031,kotoweyu,zboathu@1und1.de,DcFgIUO,00000031
00000032,aklimczakv,fpenrethv@istockphoto.com,O46jslbQ5,00000032
00000033,boleszcukw,dyakuntzovw@nbcnews.com,bfdW5pgtkPSb,00000033
00000034,csooleyx,vharriottx@princeton.edu,2bUZdibbTfCH,00000034
00000035,mpirroney,mhessley@imdb.com,2z4V4tj,00000035
00000036,lfullickz,gbedwardz@bbc.co.uk,URTJ6gFeq,00000036
00000037,gholburn10,cconstable10@state.gov,0E3OUa4q7i,00000037
00000038,rchampness11,cpellamonuten11@sohu.com,nMLrZWsRM1T,00000038
00000039,yliver12,cmackean12@elpais.com,LhQyejcs,00000039
00000040,gperl13,drubinowitz13@pcworld.com,DtRpL2N,00000040
00000041,adymock14,agreig14@senate.gov,GkFLJk,00000041
00000042,amartinets15,jwildber15@hibu.com,GytNp3UM,00000042
00000043,rbirdfield16,phoofe16@unblog.fr,VtSvDfc4,00000043
00000044,qbraunthal17,bbyas17@exblog.jp,rHfbUZDJo1p,00000044
00000045,czoephel18,aosgar18@delicious.com,vyU38lqq,00000045
00000046,kozintsev19,credihough19@issuu.com,3eEo6nkSZ,00000046
00000047,sbugbird1a,gconningham1a@biglobe.ne.jp,KihwkvJ2,00000047
00000048,ecready1b,xeburne1b@imgur.com,OPFgRUm8g,00000048
00000049,mlardeur1c,jwales1c@exblog.jp,Xhh2YqOs0,00000049
00000050,vessame1d,leuels1d@smugmug.com,oiudxVuBPlR5,00000050
00000051,kstuke1e,kpickthall1e@ebay.co.uk,PdswDfPr,00000051
00000052,bchalcraft1f,fgrzegorek1f@alexa.com,sKfOWWmzNxa,00000052
00000053,mhecks1g,giacobacci1g@phoca.cz,rCvO8iZfCDG,00000053
00000054,kfoulkes1h,jwiddowson1h@un.org,EAJIRDUlm,00000054
00000055,pbulluck1i,tswadlin1i@prnewswire.com,70DYoSNmx,00000055
00000056,ebroadwell1j,zlavell1j@time.com,NjY31r,00000056
00000057,abeveredge1k,abehninck1k@msn.com,WjzL36,00000057
00000058,oboundy1l,hpinchbeck1l@comsenz.com,psCYmAkaiv,00000058
00000059,vtunbridge1m,jlimming1m@twitter.com,hSWbcih,00000059
00000060,kmckeefry1n,jlowry1n@columbia.edu,nLrLza79b,00000060
00000061,mrowland1o,gshearmur1o@msu.edu,uW6EkFLR,00000061
00000062,hcluely1p,amilhench1p@jiathis.com,S6CMEF,00000062
00000063,ldyett1q,gchatburn1q@youtu.be,70xkIHVaDYL,00000063
00000064,gsides1r,grayman1r@shutterfly.com,xmnh3CQgum,00000064
00000065,hscoffham1s,ecaulton1s@tripadvisor.com,aWXYMVrIRSa4,00000065
00000066,sriste1t,ebiggerstaff1t@xinhuanet.com,SxKkcho78WiF,00000066
00000067,eshapcote1u,gpumfrey1u@ameblo.jp,v83jJk0iDt,00000067
00000068,rdibiaggi1v,cbagge1v@soup.io,sU01bd3,00000068
00000069,jmariner1w,pcota1w@weebly.com,ekvz2nVQzwe0,00000069
00000070,btills1x,eleivesley1x@icq.com,T1cNoHG27kXM,00000070
00000071,dyakobowitch1y,lcopper1y@noaa.gov,QvxrzT9,00000071
00000072,mmorstatt1z,mheld1z@de.vu,8AJbSaF40a2,00000072
00000073,krowes20,eknighton20@theglobeandmail.com,gheZZSHYC,00000073
00000074,amaulin21,elonglands21@paypal.com,xSS55Yh5m0E,00000074
00000075,tletts22,bmcphate22@discovery.com,kh8wkK,00000075
00000076,jcausnett23,cdunthorn23@exblog.jp,SBcwlbiP6,00000076
00000077,tmacronald24,hthwaites24@github.io,zZAZvQz,00000077
00000078,kplimmer25,gtennison25@1und1.de,luY9RkLdwT1M,00000078
00000079,sharold26,tbohills26@google.com.au,jFMb7U3kohNy,00000079
00000080,mteese27,elorne27@nsw.gov.au,pXqbvEZZuh,00000080
00000081,apelerin28,bdroogan28@shinystat.com,VkL8UWOK8,00000081
00000082,kriditch29,aspeaks29@webs.com,JMDhHIR9gWB,00000082
00000083,aecles2a,acoxon2a@pagesperso-orange.fr,QihCK3ahdp,00000083
00000084,brhoades2b,smaclean2b@tmall.com,THgmPP28X95,00000084
00000085,fciciura2c,ryeend2c@topsy.com,WFxQOV,00000085
00000086,bpoolman2d,japted2d@taobao.com,iWx8qXNcq,00000086
00000087,pvauter2e,hkimberly2e@archive.org,3HnVfmKcBCg5,00000087
00000088,slebbon2f,cgiffin2f@blogger.com,bXhMI3nqo,00000088
00000089,srontsch2g,gmatthis2g@mit.edu,znBNdKiPx,00000089
00000090,moseland2h,rlawrance2h@hostgator.com,GyZplWQ,00000090
00000091,pwhiten2i,gcordon2i@intel.com,D2vjuHUMbXDW,00000091
00000092,skorpolak2j,nnoton2j@imageshack.us,s4eu2o,00000092
00000093,cclappison2k,tvanarsdalen2k@indiatimes.com,VdKLn1kPW,00000093
00000094,cdelacourt2l,edower2l@artisteer.com,VA58dpHQZ,00000094
00000095,mkeuneke2m,eatwool2m@dot.gov,YMzYE8,00000095
00000096,ymcilmorow2n,ssell2n@issuu.com,1llqfZEr,00000096
00000097,sburnsell2o,dserrels2o@google.ca,MNn2HO,00000097
00000098,hskipp2p,aklemke2p@jigsy.com,YubLYqYdW,00000098
00000099,ludale2q,eroche2q@princeton.edu,ih5yoYCx,00000099
00000100,hcolaco2r,itosspell2r@ed.gov,gTpjSrOn,00000100
00000101,cbugbird2s,dgarriock2s@bandcamp.com,EJbznDM1UJ2S,00000101
00000102,ctouzey2t,kverna2t@dailymotion.com,JtxNFOrYAs,00000102
00000103,bjarville2u,wmuzzini2u@tinyurl.com,gTfCowKse,00000103
00000104,fgavey2v,lbrunon2v@constantcontact.com,pDZQnHJ3oFN,00000104
00000105,osewart2w,cdouce2w@youku.com,rxhCSBe,00000105
00000106,jugo2x,nletrange2x@walmart.com,WM3wClE,00000106
00000107,wbritten2y,deccles2y@hugedomains.com,wWrCLs3tP,00000107
00000108,mcarden2z,dbonellie2z@boston.com,ptgFEJAVDk2F,00000108
00000109,rmacadam30,scourtois30@seesaa.net,XBi1IBgt2,00000109
00000110,bpasmore31,ekobel31@mac.com,eeM073F,00000110
00000111,ainkles32,snorquay32@themeforest.net,2Mkbin,00000111
00000112,jpyffe33,xwarne33@samsung.com,vxwVaG,00000112
00000113,awestmarland34,tkulis34@yellowpages.com,Cz3Ka5xySMoa,00000113
00000114,vmatovic35,sshervington35@webmd.com,XlFlKBd,00000114
00000115,mdoche36,beallis36@indiegogo.com,vGBgMIOvU9BJ,00000115
00000116,smacconnell37,gerrichiello37@jimdo.com,bT9yv3xtx,00000116
00000117,tminnock38,sfawson38@usgs.gov,pnOfDs7La,00000117
00000118,crosengart39,smuncer39@technorati.com,W11PNa2M6PNX,00000118
00000119,dbaxstare3a,kwreford3a@newyorker.com,w8IFxk,00000119
00000120,rwinborn3b,gantonchik3b@usda.gov,BcbrALOr,00000120
00000121,sdomenge3c,ishipp3c@stanford.edu,BJWyndhOA,00000121
00000122,mmilborn3d,ltwelvetrees3d@bloomberg.com,wiVs2zJSpPIJ,00000122
00000123,aneed3e,gstoad3e@icq.com,HoRxfX,00000123
00000124,pdenrico3f,rolden3f@harvard.edu,N1OMiILLLn,00000124
00000125,rredmond3g,pbeautyman3g@patch.com,sqhnh3x3QMZ4,00000125
00000126,dgiacoboni3h,jzanre3h@ameblo.jp,v22FoA,00000126
00000127,melce3i,dlewson3i@mashable.com,NGCQ3R664,00000127
00000128,vanespie3j,mtrott3j@yellowbook.com,XtCJth,00000128
00000129,ktomadoni3k,tboatright3k@xrea.com,B1ZIzSX,00000129
00000130,akilian3l,echavrin3l@github.io,iCZpKnx,00000130
00000131,sdainty3m,cshakshaft3m@1und1.de,KX8BrraZCI,00000131
00000132,smcgaw3n,acarleman3n@printfriendly.com,FynWTYQ4yiT,00000132
00000133,graubheim3o,ikedge3o@usnews.com,Yj9X2rHaL,00000133
00000134,rfitzgibbon3p,wbonnick3p@bloglovin.com,S7ICOQ6Fy,00000134
00000135,gbadsworth3q,abootell3q@elpais.com,qSHzxQSMo,00000135
00000136,spessold3r,tkasman3r@apple.com,ti7eNhIlCwFA,00000136
00000137,sruppeli3s,bstange3s@hugedomains.com,1XwVHGdlX1pS,00000137
00000138,kmapes3t,npostins3t@miitbeian.gov.cn,o2jeMx0Pc,00000138
00000139,sricardou3u,dhoyles3u@patch.com,riRYworS,00000139
00000140,eyapp3v,aalejandri3v@github.io,LhJX7FdH0Hl4,00000140
00000141,cchristensen3w,hawton3w@ezinearticles.com,ebX0PT,00000141
00000142,dstreeton3x,toshesnan3x@eventbrite.com,58Xxa0XN,00000142
00000143,cmclinden3y,elatty3y@prweb.com,SDBqN1jW6,00000143
00000144,lshottin3z,hsketh3z@yandex.ru,dcDAkBt7hG,00000144
00000145,rmanners40,etiley40@techcrunch.com,Pgyi6WmcR62f,00000145
00000146,agadd41,dparlet41@google.co.uk,Du59t1BIDvy,00000146
00000147,imahomet42,lstienham42@weather.com,0cL3VZJN,00000147
00000148,tenns43,lcomber43@rakuten.co.jp,v0PQQZzj,00000148
00000149,bbenoit44,cfison44@google.nl,gfGn41AZi,00000149
00000150,tramble45,igrindley45@tumblr.com,KVw978Il,00000150
00000151,bfoxley46,ccuppleditch46@kickstarter.com,JRrwK3hipy,00000151
00000152,wwilder47,drennolds47@51.la,YFoFkXCwD,00000152
00000153,bjimenez48,rromanini48@utexas.edu,NFwne2zNui,00000153
00000154,hmacbrearty49,rcorro49@blogger.com,A9LeW8JkPk,00000154
00000155,kblazeby4a,bpenquet4a@mtv.com,eXxEjPk,00000155
00000156,fbardwell4b,ckelling4b@reverbnation.com,fOajgsz,00000156
00000157,mhodges4c,kjagson4c@4shared.com,yyJxEc,00000157
00000158,ogummer4d,amapholm4d@google.com.au,paouQc2UI,00000158
00000159,dtwydell4e,dhappert4e@un.org,t0yVp1v30,00000159
00000160,ddivell4f,lgliddon4f@com.com,KsHCF7vmubJ,00000160
00000161,nstollenwerck4g,kgudgin4g@shinystat.com,zl4ILQ0,00000161
00000162,kpatshull4h,tnouch4h@hao123.com,PIHvjejGOKk,00000162
00000163,marnout4i,mgymblett4i@mac.com,TefrQm,00000163
00000164,opinhorn4j,pstarford4j@ftc.gov,Fzb9ZngXH20S,00000164
00000165,lduddridge4k,ugreatreax4k@seesaa.net,PzWWNx,00000165
00000166,sgiacomucci4l,scuchey4l@army.mil,prqEAn,00000166
00000167,jpennigar4m,vreding4m@addthis.com,GYtMcWfMpp,00000167
00000168,dwafer4n,efey4n@smh.com.au,XG3PIpP0,00000168
00000169,lpuleston4o,nalgie4o@naver.com,gRNNZtOUihHF,00000169
00000170,esalvadore4p,sabels4p@mozilla.org,N6EdfXEfyk,00000170
00000171,pzorener4q,ttarzey4q@twitpic.com,djHm4WBiqu4,00000171
00000172,lshurmore4r,pcobon4r@livejournal.com,qE8CY06tc6to,00000172
00000173,lmagne4s,hroff4s@squarespace.com,vrsoAsqYHdEx,00000173
00000174,bdavidson4t,hkuhl4t@blinklist.com,u8ynruXQ,00000174
00000175,zwentworth4u,mtruscott4u@nyu.edu,00r5O7Jkn0XZ,00000175
00000176,kbockett4v,thardson4v@gizmodo.com,fan53LRy7Z,00000176
00000177,gtritten4w,scalderonello4w@businessinsider.com,kSMTela,00000177
00000178,tscorton4x,jblasiak4x@webmd.com,2rIiCtlm,00000178
00000179,fdevers4y,aprestie4y@ox.ac.uk,WyyWcSdcIYZ,00000179
00000180,mtowe4z,rrucklidge4z@hp.com,X3c5TEt104Pq,00000180
00000181,pjolliman50,ngowdy50@latimes.com,xsie1kImVP,00000181
00000182,fminocchi51,jscrowton51@unesco.org,T4MUHudhh0UP,00000182
00000183,pjamison52,bbhatia52@acquirethisname.com,hLzX2sKyR,00000183
00000184,hohaire53,lcogle53@amazon.co.uk,GVLJKW,00000184
00000185,dcrosseland54,jvernau54@npr.org,haqPsklE3,00000185
00000186,vtreadaway55,fosgerby55@redcross.org,eYYXODl,00000186
00000187,lwedmore56,obodesson56@ca.gov,zUE0m6JVdRm,00000187
00000188,gquarmby57,hblofield57@nasa.gov,wjZDmFCh,00000188
00000189,dbroadwood58,cescritt58@archive.org,qAsuSX,00000189
00000190,mmuge59,nvasnetsov59@washington.edu,MMVec9aFLBMO,00000190
00000191,hsancraft5a,bcapelle5a@uol.com.br,v3ctwat,00000191
00000192,ncurrell5b,thucquart5b@wordpress.com,76XDlTRTCmlx,00000192
00000193,acoppock5c,eahern5c@altervista.org,UWRsoG,00000193
00000194,wallard5d,wsellars5d@phpbb.com,o6wKXyeMrwZr,00000194
00000195,gdooher5e,smicah5e@seesaa.net,cZ9cxHAwPH,00000195
00000196,mlemme5f,chuetson5f@fotki.com,8F4IqIAq,00000196
00000197,rhamby5g,smounch5g@reddit.com,nWhAUUC,00000197
00000198,asparkes5h,mbaumer5h@shinystat.com,S9KOzUcP9,00000198
00000199,scrone5i,jdowglass5i@house.gov,DjY4XBcC7eJC,00000199
00000200,wnossent5j,mkibble5j@examiner.com,R0dpHOnCU9n,00000200
00000201,jmayworth5k,wmixer5k@fda.gov,84Mzrp22tRlW,00000201
00000202,slovekin5l,frobker5l@squidoo.com,EjEDLNi,00000202
00000203,lmenci5m,cmatovic5m@umich.edu,h1A3va,00000203
00000204,jcollingdon5n,bingleby5n@goo.ne.jp,7mRV8rpzhb,00000204
00000205,mharroll5o,berrey5o@usatoday.com,xnUC85,00000205
00000206,cweinham5p,ncohrs5p@xinhuanet.com,wPctJoRJGx9u,00000206
00000207,aswait5q,cjansens5q@un.org,5bOrfioRs8nH,00000207
00000208,zwignall5r,lnaisbet5r@multiply.com,vZnLDycP,00000208
00000209,smcgahy5s,genefer5s@dailymail.co.uk,lMJID8,00000209
00000210,bfilipiak5t,bmorillas5t@chicagotribune.com,whq3JqXngrH,00000210
00000211,brutigliano5u,kbladesmith5u@blogtalkradio.com,Bj0w4IYR6oR,00000211
00000212,edwight5v,hphipson5v@mlb.com,Z7JjtO0G4r,00000212
00000213,gbafford5w,jberthelmot5w@theglobeandmail.com,HR6OMIKiwLil,00000213
00000214,bfrusher5x,sosgar5x@businesswire.com,GTEZIID9R7i,00000214
00000215,ngotliffe5y,fgoulbourn5y@sitemeter.com,tii61U8BYOD,00000215
00000216,cfoort5z,fantonietti5z@house.gov,Ca4lZYQ6GdZC,00000216
00000217,gdriuzzi60,smarritt60@blog.com,Cd0OwQuowowi,00000217
00000218,bcrosson61,sthying61@google.fr,3zTPKjt3Cc,00000218
00000219,cfarlham62,abowker62@wordpress.org,ezaCpEm,00000219
00000220,rbeddingham63,ggrunnill63@indiatimes.com,Y4uwFVbTTJ,00000220
00000221,gottee64,vclive64@nymag.com,0MrD42Ex,00000221
00000222,odeaves65,mfalconar65@cnet.com,urxI7gzP,00000222
00000223,karmitage66,dsawers66@mapy.cz,A3UPlMQIxDRr,00000223
00000224,selderidge67,iharriott67@webnode.com,Cf5DKO,00000224
00000225,kohegertie68,cdenes68@miitbeian.gov.cn,X8PLHtmX,00000225
00000226,rheminsley69,fpringer69@alibaba.com,xmWoNuFo6IO,00000226
00000227,kwoofinden6a,lshand6a@sitemeter.com,42O2N5sKiCd,00000227
00000228,fjobbings6b,bdoddridge6b@histats.com,1W5vd4,00000228
00000229,awaby6c,dpursglove6c@tmall.com,svxjDV,00000229
00000230,rcaulkett6d,gzuker6d@unc.edu,eWJIp8TEg,00000230
00000231,carstingall6e,kcuseick6e@go.com,b5a8y1rKLEh,00000231
00000232,lbingley6f,wsergison6f@mail.ru,POF7bv,00000232
00000233,rcassam6g,dhugh6g@tmall.com,8tzvO1Polk2,00000233
00000234,chalburton6h,dpavett6h@themeforest.net,vFctL7,00000234
00000235,btams6i,mgladstone6i@dmoz.org,9Pn4RMNM2F9x,00000235
00000236,dshawell6j,cstanworth6j@indiegogo.com,cL9JqU7Ah6,00000236
00000237,lrougier6k,lmcgriele6k@examiner.com,nEpiDe,00000237
00000238,oandries6l,hdeandreis6l@w3.org,OHXBIVQ,00000238
00000239,zbissell6m,cperrelli6m@virginia.edu,Ktrjpbte,00000239
00000240,mmassingberd6n,aoliva6n@angelfire.com,bw6J5sx,00000240
00000241,gsmeeth6o,breyna6o@thetimes.co.uk,4VqlD4IFhZA0,00000241
00000242,thazeldene6p,udeere6p@google.ca,qoXotzOP,00000242
00000243,vtideswell6q,lmcsparran6q@dedecms.com,VSFVR2BF0Is,00000243
00000244,jbedham6r,pewols6r@dmoz.org,ovKF7IE,00000244
00000245,lscawton6s,sbrunelli6s@apache.org,ASKQgr3O,00000245
00000246,gbilney6t,kbloan6t@flavors.me,sosWUIE9o,00000246
00000247,jhuetson6u,olugard6u@liveinternet.ru,A7M584EGYXXG,00000247
00000248,toleszczak6v,cmccluskey6v@chronoengine.com,MXRe4lvklpkb,00000248
00000249,clathy6w,gruffy6w@tinypic.com,G2eZox9,00000249
00000250,kbainton6x,hsummerson6x@aboutads.info,s4VdSK,00000250
00000251,ssmout6y,cidiens6y@comcast.net,bRHW5yFsh,00000251
00000252,gshill6z,degarr6z@bbb.org,wIfT5CTcty,00000252
00000253,rspellessy70,rkrikorian70@abc.net.au,cMwoTLCJXXLn,00000253
00000254,lmcallen71,cgeke71@phpbb.com,uSWlkcaX5,00000254
00000255,cmanlow72,abeagan72@hostgator.com,FJnWRXIJ3u,00000255
00000256,acleef73,ddebroke73@dagondesign.com,qszsI1vlze3q,00000256
00000257,bmccord74,ptratton74@ow.ly,dn7X8JicgiWW,00000257
00000258,gwimpey75,ebanane75@imgur.com,sdMuCTkKUj,00000258
00000259,ycandlish76,mlafont76@oaic.gov.au,DIpuB6qgn,00000259
00000260,acolquyte77,lmacswayde77@cargocollective.com,SIhzCUd,00000260
00000261,lcridlin78,dbettenson78@1und1.de,uvtug0Oi,00000261
00000262,mcrump79,sstiebler79@amazonaws.com,xE268p2nb,00000262
00000263,lhobbert7a,ihepher7a@java.com,mirwe9ka,00000263
00000264,mpray7b,mcuddehay7b@miibeian.gov.cn,ex9yR4S8,00000264
00000265,risland7c,trichardin7c@angelfire.com,pE7KKpF4ai,00000265
00000266,fmustill7d,fmapston7d@sogou.com,XQGjgZcKKQo4,00000266
00000267,vtomasian7e,dcobbled7e@independent.co.uk,leNI9QedpR,00000267
00000268,mbonifas7f,sboich7f@com.com,xsNFSlW9cfI5,00000268
00000269,ehicks7g,cmackonochie7g@netscape.com,6ydICkclA,00000269
00000270,sgarrod7h,cgianilli7h@paginegialle.it,Oe4j3IJ,00000270
00000271,mbeeble7i,msamet7i@shareasale.com,v7Jl6NqTIodT,00000271
00000272,djunkison7j,jpendred7j@tinypic.com,4lkT8hD2c,00000272
00000273,lvanderstraaten7k,ksmyth7k@hao123.com,UsVbLWNhuGyg,00000273
00000274,rrolfs7l,cbracci7l@youtu.be,ZxtSZ8Mr,00000274
00000275,umchugh7m,rholgan7m@wordpress.org,5OEpGjjW,00000275
00000276,kbrooksby7n,alukas7n@bing.com,J44PQpZYpa,00000276
00000277,qalbinson7o,mhubatsch7o@angelfire.com,UBfNhLrMiU0m,00000277
00000278,mstollen7p,wcattermole7p@yahoo.co.jp,xWJA2EzA,00000278
00000279,bbambridge7q,jskamal7q@sohu.com,X9oOfN,00000279
00000280,ehuntar7r,wsilley7r@ycombinator.com,3pbClbk7,00000280
00000281,lassel7s,smorffew7s@businesswire.com,gH8afNHuD,00000281
00000282,ccheake7t,mjenoure7t@miibeian.gov.cn,nBatnzbBw3,00000282
00000283,kchipping7u,wedwardson7u@yale.edu,gCNOY8G,00000283
00000284,ecorbitt7v,mkumar7v@etsy.com,cRfON7iMsj,00000284
00000285,nfeaster7w,cburland7w@ed.gov,6AhBzsl7boI,00000285
00000286,mdepper7x,seburne7x@go.com,cbkHFb6lfxv,00000286
00000287,bmityushin7y,kkippling7y@goodreads.com,JueFW2Bzx,00000287
00000288,pconquer7z,vpynn7z@columbia.edu,yMZCGYYW,00000288
00000289,flarmuth80,saslett80@yale.edu,Y5SLfShOXfw,00000289
00000290,rbesantie81,wbenley81@cornell.edu,zX2UnOdis,00000290
00000291,hfarthin82,hunsworth82@1688.com,e9juXx4p,00000291
00000292,tstables83,rgerg83@github.io,a14nIsQ,00000292
00000293,dfound84,scampes84@irs.gov,9MmCDvfG2G,00000293
00000294,jmarkl85,hlaimable85@ocn.ne.jp,irSwS9oB4tgF,00000294
00000295,mglave86,gmattholie86@state.tx.us,j9yXYVp,00000295
00000296,kdyer87,wlavies87@diigo.com,vugPaYZP7,00000296
00000297,dboxell88,lheaviside88@webeden.co.uk,HI9LqpF8,00000297
00000298,cschwaiger89,wgoldingay89@google.cn,uoruVue0Ovo4,00000298
00000299,pthay8a,kcarvill8a@hibu.com,FfdLQIXV4,00000299
00000300,ewanklin8b,rruddom8b@guardian.co.uk,vhyrbxK,00000300
00000301,brosenbaum8c,screenan8c@msu.edu,DFpH04B,00000301
00000302,bpuddifer8d,svasyutkin8d@storify.com,1SWac75G,00000302
00000303,pblakiston8e,kbaumann8e@redcross.org,msXLC4uB2xK,00000303
00000304,lstrettell8f,mginger8f@google.co.jp,NYdEJolIa4t,00000304
00000305,kpawlaczyk8g,dmahoney8g@purevolume.com,30fBnczrgIis,00000305
00000306,afaulkes8h,jgrieve8h@a8.net,UG3oRC,00000306
00000307,vdiggins8i,pslainey8i@dedecms.com,Bv08wY,00000307
00000308,mkarpychev8j,lbesnardeau8j@shop-pro.jp,DUn2jkw7E2x,00000308
00000309,ebeuscher8k,vkhosa8k@springer.com,mnkMInJG,00000309
00000310,gkerswell8l,mridout8l@feedburner.com,AFNSId0Uc,00000310
00000311,lolfert8m,odufore8m@photobucket.com,Rw3gDDE6,00000311
00000312,mdonahue8n,cpresidey8n@imdb.com,zZUTR3e87RO,00000312
00000313,kdavana8o,kparadin8o@imdb.com,dsu1d8B9tqpg,00000313
00000314,fdallimare8p,tcoy8p@nyu.edu,qRMz63od,00000314
00000315,kklas8q,ngaveltone8q@goo.ne.jp,9orRx2,00000315
00000316,mrispin8r,cgalea8r@miitbeian.gov.cn,MOqAb9H7Duh,00000316
00000317,fkightly8s,nphillps8s@phpbb.com,Pwq47XkQND,00000317
00000318,hbeagan8t,kkingsford8t@weebly.com,lCFhTHUQuen,00000318
00000319,jpriddy8u,jruncieman8u@t-online.de,9A2imX51GVR,00000319
00000320,cdeverille8v,ggodley8v@google.com,oBjBZe1SR3,00000320
00000321,dbollins8w,dstearley8w@xing.com,ZWx0AGns1ej,00000321
00000322,jthorbon8x,jkleeborn8x@tuttocitta.it,6i6Xvyxmrrs,00000322
00000323,ggarland8y,mcornewell8y@hp.com,dxXoqupBZE,00000323
00000324,mkield8z,jpiniur8z@ox.ac.uk,bUwXieH,00000324
00000325,hahern90,bsalery90@un.org,9cWST3kk,00000325
00000326,pmary91,pmossop91@marketwatch.com,OMA1eZE,00000326
00000327,ntomasicchio92,zvispo92@phpbb.com,RKsG5YEXTJi,00000327
00000328,cclover93,cthornbarrow93@engadget.com,GymJqj4rBXZ,00000328
00000329,sjoddens94,tlukacs94@google.com.hk,2YGI7DFJY6o,00000329
00000330,jmoorey95,khaslewood95@diigo.com,egP4f54vwjCj,00000330
00000331,dsexon96,vjeays96@psu.edu,g4b0qzhNQhpx,00000331
00000332,nbartrap97,hkevane97@goo.ne.jp,RZmPgK2uZejR,00000332
00000333,hhakonsson98,espatoni98@posterous.com,OdOU5tSp,00000333
00000334,ksteggals99,kpearsall99@china.com.cn,KcCNOIfp4mPv,00000334
00000335,ckilshall9a,tlygo9a@scientificamerican.com,RbwaXvq,00000335
00000336,mdusey9b,dswayte9b@oaic.gov.au,cqfYnC0SE,00000336
00000337,bdedmam9c,lhinge9c@indiegogo.com,3fNg53A,00000337
00000338,doheaney9d,hsheringham9d@prlog.org,culkQAiJe9,00000338
00000339,mplace9e,bstuttard9e@angelfire.com,dAELV2dZoEL,00000339
00000340,madame9f,wfitzgerald9f@squidoo.com,xTPElvYtbL,00000340
00000341,gstrettell9g,nlankester9g@cafepress.com,wIxh2NdbZgy,00000341
00000342,legre9h,abromwich9h@uiuc.edu,XeCEtOJJXMGf,00000342
00000343,sklimp9i,cpreshaw9i@freewebs.com,fUVTt2mMw9WS,00000343
00000344,mkitcherside9j,jhovey9j@newsvine.com,1YpqupzWkEj,00000344
00000345,ccomi9k,briordan9k@mlb.com,yjaCBHiE,00000345
00000346,aseneschal9l,gwhiffen9l@wiley.com,p81ZVo,00000346
00000347,jfeldbrin9m,qwipfler9m@chron.com,T3JQKWS6,00000347
00000348,cdraycott9n,efeatherby9n@sphinn.com,tnowK92RDez,00000348
00000349,aduffell9o,laujean9o@creativecommons.org,FRqaFGNifg7,00000349
00000350,nchilders9p,sbreyt9p@eventbrite.com,qTgOklvmDUf,00000350
00000351,fkonrad9q,mrigbye9q@dailymail.co.uk,AGumX0gzX1,00000351
00000352,acoggen9r,fscrimshaw9r@cloudflare.com,VbHi2abGp,00000352
00000353,hwadforth9s,dasson9s@miibeian.gov.cn,2uJkJy,00000353
00000354,fstrute9t,crazzell9t@artisteer.com,Dv1bAnGgHxJ9,00000354
00000355,shutchinges9u,eolivia9u@theatlantic.com,K7Zig41gwwY,00000355
00000356,mclooney9v,aaronowitz9v@slate.com,EPZwzvsooHQ,00000356
00000357,jcaught9w,cchastel9w@ft.com,iOKIvFoS,00000357
00000358,bpulver9x,rwillars9x@wp.com,QUV9fzzDIEu,00000358
00000359,bsommerfeld9y,gsouthernwood9y@over-blog.com,By3dG7,00000359
00000360,vmosedill9z,yianitti9z@phoca.cz,yZpZUdRT,00000360
00000361,cpolglasea0,cstollia0@soup.io,acY6D22PzUav,00000361
00000362,jnorthcliffea1,hlocklessa1@mlb.com,j2eft0669v,00000362
00000363,celletona2,dantoniazzia2@marketwatch.com,aQmzyX,00000363
00000364,tcroydona3,ebrechera3@upenn.edu,A9OQYi,00000364
00000365,pslaghta4,powera4@statcounter.com,rYt8OBkTzy,00000365
00000366,lbosharda5,mpriddiea5@theglobeandmail.com,eXWM4XUlH2,00000366
00000367,kwileya6,kmcparlina6@livejournal.com,C1zikF,00000367
00000368,agrimmetta7,cfairebrothera7@slate.com,CGNaF4W5H,00000368
00000369,stschersicha8,qflamanka8@friendfeed.com,kUHsgL3,00000369
00000370,rduffriea9,atumbera9@elpais.com,6FRifC35quug,00000370
00000371,btruelockaa,fdooreyaa@de.vu,j2YCwN1lfHo,00000371
00000372,alongdonab,jmacdermottab@washington.edu,mKkP72yLNjX,00000372
00000373,sargontac,bdunhillac@time.com,OYRHoml,00000373
00000374,mdovydenasad,atweedellad@unesco.org,PWMzpX,00000374
00000375,ssantoae,fgabbottsae@sciencedaily.com,9E5y5Rqcm,00000375
00000376,dmciloryaf,mdowbigginaf@mit.edu,wBdhZTt,00000376
00000377,lgravenerag,pmattheusag@51.la,hu2zFB,00000377
00000378,dwormellah,jblaydah@telegraph.co.uk,6nvBVpaUN,00000378
00000379,owharbyai,benstenai@wix.com,hr2LYMsBfI,00000379
00000380,ashufflebothamaj,stavernoraj@constantcontact.com,wgxD21C18lC,00000380
00000381,dmacclanceyak,eyukhnevichak@linkedin.com,5byXtTlLCT,00000381
00000382,ehutchesonal,rnovakovical@taobao.com,g2sOtL,00000382
00000383,hblakemanam,ssapshedam@canalblog.com,h0ocdsGgD2,00000383
00000384,hbrunetan,pemlynan@java.com,glDi9vhSFCp,00000384
00000385,arelfeao,mbramhallao@canalblog.com,TtSmbKA,00000385
00000386,aphalpap,psouthbyap@github.com,j4OMape4gf,00000386
00000387,lbattershallaq,gsansumaq@bravesites.com,6okqUVivs4L,00000387
00000388,sreapar,jgantzmanar@simplemachines.org,S00f41z,00000388
00000389,fcluattas,dhandscombeas@shutterfly.com,3XTrAVe,00000389
00000390,tzapataat,fmorinat@t.co,rSqrKL0CJX,00000390
00000391,bheakeau,bsybbeau@mtv.com,ADvOm5o9,00000391
00000392,lboathav,mhuntingdonav@unc.edu,WiyHdBGq6hH,00000392
00000393,sbartaliniaw,iackenheadaw@360.cn,lOhKAPb,00000393
00000394,sholttomax,vfothergillax@msu.edu,6yTbKuiN6QV,00000394
00000395,dscrammageay,zganiforday@shop-pro.jp,HGEZ3K5,00000395
00000396,nshimoniaz,rdaingerfieldaz@dagondesign.com,9QGZrVoqw6R,00000396
00000397,rgoudardb0,awadgeb0@ehow.com,KC339IbsK,00000397
00000398,rmoldenb1,tpidwellb1@geocities.jp,tD4xSMW,00000398
00000399,ghauckb2,dcorlettb2@businessinsider.com,xztKuPW3RE,00000399
00000400,phedworthb3,cskarmanb3@netlog.com,i6CukF,00000400
00000401,mlyeb4,dcromettb4@trellian.com,wVPAUcki,00000401
00000402,wesgateb5,ctotenb5@pbs.org,R6wUYuARK3x,00000402
00000403,sdionisiob6,mropartzb6@microsoft.com,fviwjsQFF5p1,00000403
00000404,smellmothb7,dtaffsb7@google.fr,yh5L8S,00000404
00000405,jwifeb8,spetrulisb8@odnoklassniki.ru,cDE3CqiJrpr,00000405
00000406,fmccrystalb9,wchastanetb9@wp.com,0Nfx3YX,00000406
00000407,pgrimsdaleba,zpullanba@hibu.com,ZXiJDA4Jx4r,00000407
00000408,jhaddockbb,preffordbb@youtube.com,y4xw1T8,00000408
00000409,smorriesonbc,tcattermoulbc@psu.edu,ODpDOMz6,00000409
00000410,bodabd,gmchirriebd@answers.com,Zc6MYH,00000410
00000411,vformbybe,lrosiellobe@go.com,s4LlQVIOyE,00000411
00000412,rquirkebf,ebohlbf@gmpg.org,MDrjmqJ,00000412
00000413,jaluardbg,afellsbg@joomla.org,mHmPMZoDXevg,00000413
00000414,dmcmonniesbh,haveybh@altervista.org,sC27MfkaPR6,00000414
00000415,jovesenbi,wyukhinbi@wordpress.org,UlfS7KYzgFx,00000415
00000416,mklimabj,aklaaasenbj@imgur.com,8Spo7aUeixK,00000416
00000417,ssandelsbk,gyarrbk@salon.com,tmk98SmJDZ,00000417
00000418,rnorthingbl,csheafbl@hp.com,jDA2JmnI,00000418
00000419,pspawforthbm,saimsonbm@jugem.jp,f3810GQ3Tkr,00000419
00000420,gbanghebn,ggrunbaumbn@independent.co.uk,CSS9Q5JXO7A,00000420
00000421,cphelipbo,kmacshanebo@discovery.com,OEATLn3Bu,00000421
00000422,jgenickebp,chastybp@mapy.cz,BglKl4y773eq,00000422
00000423,lgrendonbq,rgarbuttbq@census.gov,loZsWv,00000423
00000424,dpetrovicbr,bglynbr@wordpress.com,gqaSLUQx,00000424
00000425,sfribergbs,tammerbs@topsy.com,jJkXWnOx3,00000425
00000426,lcollisonbt,neyckelbeckbt@engadget.com,X5iehYca0,00000426
00000427,lminterbu,agoodinbu@gmpg.org,POQ2tqdPCy,00000427
00000428,hborellbv,lgouldbv@webnode.com,S8XWl6,00000428
00000429,bgreenanbw,mbenardeaubw@slate.com,yAxzv2,00000429
00000430,aduddellbx,alillymanbx@cbc.ca,HdfLZd,00000430
00000431,gebbenby,cwintersby@fema.gov,8RD5Bn,00000431
00000432,gsutterbybz,hambergerbz@4shared.com,ljZVRS,00000432
00000433,ndullardc0,mcaterc0@state.tx.us,qyGNHBwD,00000433
00000434,sheasleyc1,rcudc1@imgur.com,BOW9F9sNi,00000434
00000435,mduvalc2,dlindermannc2@mediafire.com,1NzVBAX,00000435
00000436,jsyalvesterc3,tvassanoc3@va.gov,ALduuZCcRyZ,00000436
00000437,mdoreyc4,ybaptistc4@pen.io,gh98o026TkE,00000437
00000438,achastaingc5,adesantosc5@fastcompany.com,Oelp8xf32ft,00000438
00000439,rcreboc6,tpoltonec6@cbc.ca,Ath3L33SxCFC,00000439
00000440,lcristofanoc7,pleithc7@reverbnation.com,M0uU9UF,00000440
00000441,mjosofovitzc8,halesioc8@mysql.com,RCvQtW5M2b,00000441
00000442,ewallc9,sshaddickc9@nih.gov,1iPxzc,00000442
00000443,amizzica,lboxellca@huffingtonpost.com,h1DlxFfIOtc,00000443
00000444,jparslowcb,blaurancecb@bloglovin.com,0WAkoG,00000444
00000445,fmcartcc,gbettridgecc@photobucket.com,hp6zVXa,00000445
00000446,khyndsoncd,dforseithcd@rediff.com,i3QQTOoT,00000446
00000447,eseymerce,cdoakce@reuters.com,dMj8Bh,00000447
00000448,mledgistercf,abackhurstcf@networkadvertising.org,rkZWQRbba,00000448
00000449,bmarcucg,ksprittcg@altervista.org,3P2z4IEO6D,00000449
00000450,athewlesch,kgodilingtonch@myspace.com,UEcFDu,00000450
00000451,lparkeyci,crudgeci@google.com.hk,qtkNQTgl,00000451
00000452,tpinckcj,bspillingcj@dot.gov,H0teRkwQ,00000452
00000453,wbachck,mhugginck@mit.edu,mxEtASTpZp,00000453
00000454,amaxworthycl,kbottomorecl@columbia.edu,bpLlpw4,00000454
00000455,vtrevithickcm,gfessbycm@salon.com,S0P6AX,00000455
00000456,doganesiancn,aconibeercn@cnet.com,hHJMPgA,00000456
00000457,dflowerco,astuttco@oaic.gov.au,NRJcLV,00000457
00000458,skulvearcp,kiannicp@taobao.com,sXbIni,00000458
00000459,iopenshawcq,nswainsburycq@ycombinator.com,0Bb3b3z,00000459
00000460,cparcellscr,mprattcr@newsvine.com,uOOpvE,00000460
00000461,jmagoverncs,bwilcecs@go.com,Iw4XeSB,00000461
00000462,cleicesterct,ptiltmanct@mlb.com,LrQ0yY20kG1V,00000462
00000463,sberringercu,fodohertycu@unesco.org,EJn3Ck,00000463
00000464,warnottcv,lskedcv@upenn.edu,RonUhDzZ9ri,00000464
00000465,lbatecw,sluberticw@bloomberg.com,UoT7MB,00000465
00000466,klayingcx,krydingcx@github.com,DqeDycsq,00000466
00000467,kgullency,lmumbeycy@washington.edu,uD2ei2gVbN,00000467
00000468,odelayglesiacz,bbrearcz@simplemachines.org,pSS1G1QkS,00000468
00000469,nparrottd0,dtrengroused0@mtv.com,n7epbtGd,00000469
00000470,sbrugmannd1,mbarringtond1@businessinsider.com,DsxxZhf5x,00000470
00000471,alysd2,kgissingd2@bloglovin.com,s3j7Y81b,00000471
00000472,haveralld3,tbaribald3@indiatimes.com,RBtOxL,00000472
00000473,mforrestilld4,kpleassd4@sina.com.cn,KDtv7Ys76,00000473
00000474,mcreadyd5,hporteousd5@theatlantic.com,vRFVPJVGO,00000474
00000475,kgildersleavesd6,epatronid6@so-net.ne.jp,f9Xqq8IEXLLx,00000475
00000476,swoodcroftd7,csirkettd7@tripadvisor.com,ZKcmOgxBlTd,00000476
00000477,mpallasked8,pwalshawd8@blog.com,1as2xWdkbAx,00000477
00000478,jfrankend9,jjeramsd9@mapquest.com,2CdVxbDykX7b,00000478
00000479,dlunamda,cclenchda@ucla.edu,msz3clvTp,00000479
00000480,upaulischdb,nbrackpooldb@delicious.com,wpqLt3F2Z,00000480
00000481,bmackereldc,ehowisdc@ucoz.ru,58L1Xev6cw,00000481
00000482,cslocumdd,pcomleydd@economist.com,9fRAkp9,00000482
00000483,esibbede,sbroadhurstde@answers.com,c1yvfwy,00000483
00000484,bbraisherdf,hevereddf@constantcontact.com,UlXmSKfBDa,00000484
00000485,mgalletleydg,rdobbisondg@creativecommons.org,4iSFPYgh,00000485
00000486,bdericutdh,oferreiradh@woothemes.com,2JYgTCTdVaKM,00000486
00000487,bfarquharsondi,csyreddi@ameblo.jp,m4HtvnXJJmeN,00000487
00000488,dspracklindj,cnowakdj@booking.com,xBbjh6dH,00000488
00000489,wjosovitzdk,kfeeneydk@google.pl,tySVU6,00000489
00000490,bcondondl,kmetheringhamdl@google.ru,l6Bj1eLM,00000490
00000491,cmacanelleydm,fbrabendm@myspace.com,qiDGRrHjEOw,00000491
00000492,tstillydn,vruscoedn@shareasale.com,vCHQ8CfvXW,00000492
00000493,blentondo,cgrinsteddo@amazon.de,OqRaY9kukDs,00000493
00000494,thalfacredp,dclampettdp@cisco.com,2fNfGH,00000494
00000495,llargandq,tludrondq@jimdo.com,jFsWryS,00000495
00000496,bpapacciodr,ldwightdr@twitter.com,J4b7TUuRmme6,00000496
00000497,mcarmodyds,sclemendotds@thetimes.co.uk,qwrik9HgeLmt,00000497
00000498,sallseppdt,mgirardetdt@ocn.ne.jp,GP8gyL2JC,00000498
00000499,lcaspelldu,adulwitchdu@imageshack.us,75pXYDGNuez,00000499
00000500,ngabrielidv,mcarressdv@weather.com,a8vfUWHp,00000500
00000501,fwillertondw,hvanyukovdw@ucoz.ru,flj7opoaxWOi,00000501
00000502,pduckelsdx,bnesfielddx@ox.ac.uk,cUENni,00000502
00000503,zmonroedy,rlutschdy@taobao.com,0iIIBC5l,00000503
00000504,cridoutdz,bmougeneldz@about.com,wQzXPP,00000504
00000505,userridgee0,cprandoe0@tripod.com,ZphzGegd,00000505
00000506,rtowerseye1,nknappere1@wp.com,DgEpdWmXaZNB,00000506
00000507,abartolomeoe2,lblakebroughe2@jimdo.com,SpPKRIEWnw,00000507
00000508,jbeatye3,abartczake3@newyorker.com,482rodgV3,00000508
00000509,tsimionie4,pmckibbine4@artisteer.com,cciYgwZ,00000509
00000510,cwillacote5,gsilvestone5@msn.com,tPjI1s,00000510
00000511,dwycliffe6,tthamese6@etsy.com,yzT4yCW2X,00000511
00000512,elathwoode7,tvignerone7@163.com,w4aBo5,00000512
00000513,ksodorye8,hbraidene8@cornell.edu,HGHh1ZM,00000513
00000514,bpottagee9,dheineckee9@prlog.org,AooIOLZISVW,00000514
00000515,kbedboroea,kgebbeea@indiegogo.com,tSuq3Bus1gn,00000515
00000516,czelnereb,tdiesseb@squarespace.com,MNeUJcj,00000516
00000517,holenikovec,fchristouec@i2i.jp,CphWK6ZGkI5,00000517
00000518,bchasened,ykrouted@1und1.de,6bOZaEUcZzcu,00000518
00000519,sstollenbergee,mpapisee@unicef.org,S5PTMz56j,00000519
00000520,calloisief,vroddanef@typepad.com,9f58ROdl,00000520
00000521,wbenereg,cmanteg@google.co.jp,1lfEIZ,00000521
00000522,cmcfeateh,khalleyeh@harvard.edu,znd2UBMRF,00000522
00000523,eskittleei,ngillmorei@statcounter.com,um7DEPR8Hf,00000523
00000524,kackermanej,vsaccoej@washington.edu,tycs3rp7,00000524
00000525,sabdeeek,vskarinek@seesaa.net,mue64jfKrtH,00000525
00000526,edevoielsel,apaultonel@altervista.org,gBDu1S,00000526
00000527,cjershem,pdelaegliseem@com.com,SiiO0zF,00000527
00000528,prodrigen,rbrudenellen@sphinn.com,mSOeqP5,00000528
00000529,msutherlandeo,mfisoneo@homestead.com,KqKme51Od8SL,00000529
00000530,rmcglynnep,hhamblettep@dailymotion.com,vYq63euWCY,00000530
00000531,wgowerseq,lstriplingeq@unblog.fr,5BhOCOJqhoD,00000531
00000532,glasletter,ggehrelser@theglobeandmail.com,L4G7VME,00000532
00000533,dhowelles,celcombes@qq.com,EmuT8gD,00000533
00000534,mtrussleret,fcristofolet@google.com,4tpGTK,00000534
00000535,jbiskupiakeu,rcowingeu@rakuten.co.jp,soDF1EKUFwVy,00000535
00000536,giacobettoev,jsandbachev@google.nl,whfYqupP9ske,00000536
00000537,mlervenew,tlambrechtsew@domainmarket.com,DGrpVf,00000537
00000538,egodardex,gvampouilleex@uol.com.br,BrF3bO1t,00000538
00000539,nelisey,rolesey@exblog.jp,Uer42uusy,00000539
00000540,sgauchez,ihuikerbyez@cbsnews.com,jeaNWAs,00000540
00000541,ldonanf0,ogodlipf0@360.cn,IAh3Zvs,00000541
00000542,dgiddinsf1,adufferf1@ted.com,A6ha1dy,00000542
00000543,whynardf2,jmcgingf2@blogtalkradio.com,pItX44Rr8,00000543
00000544,cpellerf3,bfiddimanf3@pinterest.com,MXNUkhv0le,00000544
00000545,rabelesf4,hbullenf4@amazon.com,fzT7wtj,00000545
00000546,ldattef5,tsheptonf5@360.cn,f2IegzLSgIe,00000546
00000547,mfernandezf6,smaylerf6@1688.com,8RntRC,00000547
00000548,rbahlmannf7,fclaguef7@cpanel.net,vVVsWi26VDb,00000548
00000549,mhumpheryf8,ppickthornef8@marriott.com,MnErEJfIE,00000549
00000550,lbeardsf9,awadhamsf9@cpanel.net,IYg1RtsL2328,00000550
00000551,itidridgefa,pgillumfa@nsw.gov.au,GTP9gx,00000551
00000552,nfrancillofb,rdanettfb@parallels.com,G9muyiz,00000552
00000553,tfarrensfc,jgeramfc@dion.ne.jp,DG1jomjoK,00000553
00000554,sportisfd,dgreenroadfd@ox.ac.uk,n3Y2YyeJ69B,00000554
00000555,egowarfe,gschwierfe@mlb.com,YPqI7D,00000555
00000556,mbevanff,glightbodyff@miitbeian.gov.cn,TBXN6TwZvDW,00000556
00000557,bpackerfg,ksoallfg@webnode.com,m0IKMQ,00000557
00000558,cscarrfh,mamissfh@usa.gov,9iNt15Pv,00000558
00000559,kslymefi,arumkefi@rediff.com,RyyoL4O7,00000559
00000560,siacovidesfj,sletteresefj@globo.com,Sr6gXpj6TS,00000560
00000561,gcormodefk,swooderfk@cafepress.com,7Cz46V8T,00000561
00000562,amunningfl,srodmanfl@ox.ac.uk,Mia5gbrnK,00000562
00000563,btedorenkofm,rbaudinotfm@exblog.jp,n7ZV1uPlQ68,00000563
00000564,whaseldinefn,aedgerleyfn@4shared.com,9cE7e9PCPfg,00000564
00000565,tstotefo,mrameletfo@wikimedia.org,phnuiw2x,00000565
00000566,palecockfp,jlumbfp@github.com,MNkQBi,00000566
00000567,jbowerbankfq,relvesfq@amazon.de,wkJdVRs,00000567
00000568,hjaynefr,apoulsonfr@va.gov,YpGpQCqAPB,00000568
00000569,jivanchikovfs,lmccallfs@wsj.com,sQfcroqtx,00000569
00000570,amattackft,craddishft@123-reg.co.uk,AnXxisoi,00000570
00000571,ggeppfu,aculverfu@wisc.edu,F7Kf6gpT,00000571
00000572,etomsfv,gaytonfv@vimeo.com,2lvTGF,00000572
00000573,wmelledyfw,chardcastlefw@google.co.jp,MIC6UCmMDE,00000573
00000574,elamminfx,hzannelifx@oakley.com,eTXcNKm,00000574
00000575,gduthyfy,gmcdunlevyfy@hubpages.com,bz5fmPS,00000575
00000576,nhounsomefz,proosefz@amazonaws.com,gDs3XSxYjHzq,00000576
00000577,gvardyg0,cmarcug0@unblog.fr,cCk4SZ,00000577
00000578,rmaliag1,ebenjefieldg1@comsenz.com,0NoGClRt,00000578
00000579,bpolleg2,wmoultrieg2@fema.gov,Xp7qVfF,00000579
00000580,fdoringg3,zgilbardg3@cnn.com,nk5LsysUTK,00000580
00000581,sgehrelsg4,fschoolingg4@google.pl,jY9847Y,00000581
00000582,lhoulstong5,cedowesg5@narod.ru,nyIrx88,00000582
00000583,eabotsong6,jklesseg6@paginegialle.it,QBTBNWLyFuW0,00000583
00000584,gbeeswingg7,hpictong7@ebay.co.uk,M7jYf9S,00000584
00000585,tstartg8,ekinnerg8@ocn.ne.jp,ItoqeB,00000585
00000586,tlanneyg9,criltong9@google.com,76CxkDa7c,00000586
00000587,rseawrightga,prubenczykga@who.int,oBWOJ41A3,00000587
00000588,tcarderogb,dmohamedgb@hatena.ne.jp,1sNQTUzflUfm,00000588
00000589,mgommegc,dgroocockgc@time.com,665wpcS10QTq,00000589
00000590,cslitegd,rplesinggd@barnesandnoble.com,25iQRsu,00000590
00000591,gsommervillege,wstainerge@domainmarket.com,kht13sq,00000591
00000592,bthomtongf,sbennergf@economist.com,Dss0kTIv,00000592
00000593,rabrahamsgg,gwragggg@networksolutions.com,CREkBRKdFTY9,00000593
00000594,bwigzellgh,cgyurkovicsgh@aol.com,S6ODyxO0,00000594
00000595,tcolecroughgi,dtabergi@woothemes.com,gOS8nWt6Y,00000595
00000596,wpretorgj,agalbraithgj@ucoz.com,mbGelMxix,00000596
00000597,drothmangk,dlawreygk@seesaa.net,meVFpaZRXVI,00000597
00000598,jhabershongl,mwolfingergl@state.gov,5ZQ1rR,00000598
00000599,jjentingm,gpickworthgm@virginia.edu,6DDxhpckA,00000599
00000600,rpudnergn,pfaustiangn@sbwire.com,RSHErPXr,00000600
00000601,bbailgo,gbendsongo@amazonaws.com,URM3ws7FJ0,00000601
00000602,rhawsbygp,elunegp@linkedin.com,KVErBcQ94ptv,00000602
00000603,udeverilgq,jblofieldgq@fema.gov,zUcg8FMd4m,00000603
00000604,mgermanngr,llyddiardgr@privacy.gov.au,bBvsGAAYb7,00000604
00000605,dtaffegs,hchardgs@google.es,fRh5TC0tCZgP,00000605
00000606,lbinnygt,bgibbettgt@biglobe.ne.jp,N0y9MWLQF8,00000606
00000607,vhamorgu,hmulrenangu@toplist.cz,zQTgss,00000607
00000608,aguidottigv,jwinsburygv@dagondesign.com,qMDXBvu,00000608
00000609,rkeysongw,kwallsworthgw@mysql.com,tvaajv,00000609
00000610,sscadegx,lquestedgx@chronoengine.com,O8NObJQB,00000610
00000611,cliebergy,dhearnegy@oracle.com,K5H0nhcn,00000611
00000612,rhaightongz,pleebgz@china.com.cn,mEqJ5UV0qrMd,00000612
00000613,vjaggardh0,smaryonh0@opensource.org,KOYYejOaC9Fl,00000613
00000614,dlernihanh1,bdesmondh1@tinypic.com,WevtMKXM9,00000614
00000615,hdiboldih2,eatteridgeh2@tripadvisor.com,Lt1WxdA,00000615
00000616,wryamh3,amcentegarth3@gov.uk,C2HiNc9Td,00000616
00000617,qbourdelh4,pevenetth4@accuweather.com,UslmUiDVn4,00000617
00000618,chessh5,kfilmerh5@vkontakte.ru,ipH5tX2,00000618
00000619,bmillimoeh6,mjeramh6@china.com.cn,yFgoJdeu,00000619
00000620,qbasshamh7,cdoutyh7@acquirethisname.com,xo5rMtBJ,00000620
00000621,cbeebleh8,dgraystonh8@squidoo.com,UmRqu84Jjch,00000621
00000622,msaggersh9,bshepheardh9@opensource.org,RdRe2n8,00000622
00000623,cdavittiha,rgrindrodha@google.com.hk,pPRfmhWmo,00000623
00000624,loxendenhb,fvelezhb@sogou.com,hxIXxmL,00000624
00000625,tfreemantlehc,tmullearyhc@webnode.com,1EbGDLP,00000625
00000626,cbroodhd,sgablerhd@google.com.br,9Sk5IR,00000626
00000627,smellyhe,ceddicotthe@reference.com,u55TPkFL0Kip,00000627
00000628,emiddlemisshf,cnosworthyhf@nytimes.com,ZNmkvhP1oac1,00000628
00000629,briddehg,mconcklinhg@google.it,GnarjnaT,00000629
00000630,bhanabyhh,kmuckloehh@myspace.com,mtTQNQY4,00000630
00000631,efarryanhi,jalletthi@ucoz.com,bPT4QPgkVOVD,00000631
00000632,dcollibearhj,mcarolihj@bigcartel.com,WTgOe2j,00000632
00000633,adoggarthk,ployndonhk@unicef.org,szYsASBg4,00000633
00000634,mdeakanhl,mgildershl@w3.org,eqwi6NoDd0W,00000634
00000635,lcarberryhm,operrothm@merriam-webster.com,8MBCC3liG6s,00000635
00000636,jprettjohnhn,ahartashn@cdbaby.com,GbZkfnAteGxP,00000636
00000637,libbotsonho,rtansillho@wunderground.com,9hs7pW,00000637
00000638,twhittockhp,jbarlinghp@edublogs.org,QZylLc,00000638
00000639,lmunkleyhq,csheratonhq@google.com,65teosl,00000639
00000640,bverduinhr,kdauneyhr@theguardian.com,pguGolszGY,00000640
00000641,dpoynzerhs,dtrouelhs@jigsy.com,AGuvm2GEV,00000641
00000642,eringsht,akelsowht@sbwire.com,Ty5PMyMDs8o,00000642
00000643,iniaveshu,feaglenhu@diigo.com,wqyB5OK63yG,00000643
00000644,rgroombridgehv,gfolomkinhv@disqus.com,nEeZ3oXo,00000644
00000645,ralgarhw,vbrocktonhw@hibu.com,Ta3tAY,00000645
00000646,cevennetthx,ljameshx@ustream.tv,In5kUILr1,00000646
00000647,scolletehy,mgadneyhy@edublogs.org,fg0LaZiaHJ,00000647
00000648,khulkshz,nmcgebenayhz@devhub.com,MFu6m7XdchX,00000648
00000649,vbarenseni0,bmyotti0@wikipedia.org,tUoWeWR4,00000649
00000650,belmorei1,eallchornei1@netscape.com,213ehxoFI,00000650
00000651,vurchi2,pkoppkei2@godaddy.com,K5WCSn,00000651
00000652,ealessandruccii3,ggittingi3@cam.ac.uk,k6h1Kz,00000652
00000653,eblagdoni4,spenielloi4@jigsy.com,OH7j7Zv8,00000653
00000654,qjosseli5,hgaryi5@devhub.com,W2YYYCZJ,00000654
00000655,llegricei6,zianittii6@cbsnews.com,qaffM3pVz,00000655
00000656,eorsi7,dtwomeyi7@nytimes.com,j0mfpJ1kdH4k,00000656
00000657,tjurschi8,ibeckersi8@dmoz.org,TDkFPmESv5,00000657
00000658,kfraginoi9,wbagsteri9@nps.gov,Zf6t4985Ei2,00000658
00000659,porchardia,gpeteriia@ucoz.com,M0tQvZP3KB3,00000659
00000660,astiffkinsib,pcurtayneib@ehow.com,am4qKw7vm,00000660
00000661,dbushillic,lrockwellic@salon.com,QUZIZ5Yxx5,00000661
00000662,wimmingsid,blatoreid@deliciousdays.com,zOP9Wb8gz5,00000662
00000663,jlashamie,mheartfieldie@deliciousdays.com,9zJUnWuJQf,00000663
00000664,cmannixif,ibarochif@lycos.com,O7zlik,00000664
00000665,llevetig,mjoynerig@gnu.org,SaHLh1H0X,00000665
00000666,aflintiffih,zcroucherih@mail.ru,UzsnIP6XaPA,00000666
00000667,mdotterillii,tassardii@army.mil,2zzFULTrO7Bc,00000667
00000668,vcomeliniij,lfineyij@time.com,FbYTkvWnl,00000668
00000669,trizzoloik,jbuxcyik@guardian.co.uk,dl0peI,00000669
00000670,gheavensil,seckersallil@paypal.com,8L0AnV,00000670
00000671,sdibiaggiim,pfilippozziim@blogspot.com,Jcaozmu,00000671
00000672,srockliffein,ktheunissenin@google.ca,RKnvZKys,00000672
00000673,cmoaklerio,gmerittio@spotify.com,YmPwS0ocOZp,00000673
00000674,jhaydnip,bmilaip@dmoz.org,O1oKukpe7zfC,00000674
00000675,bturneuxiq,segliseiq@naver.com,snEGJr7,00000675
00000676,dnorrieir,btingleyir@github.com,pVpQab,00000676
00000677,gchalliceis,kleportis@photobucket.com,PSh9rZGcyD99,00000677
00000678,mbiasioit,gbridgewoodit@ezinearticles.com,vFHzDNOH3Rn,00000678
00000679,cciscoiu,bmesnardiu@discuz.net,Wa24GK,00000679
00000680,abressoniv,eecclestoniv@163.com,swCyhEJQ,00000680
00000681,bfehneriw,hpengillyiw@sbwire.com,pZZUMbBFr0oJ,00000681
00000682,wsnellerix,nkimeix@house.gov,dc9jF9G,00000682
00000683,mpralliy,lnelliy@yandex.ru,8Rp3fBKpD1S,00000683
00000684,ssillimaniz,fdanskeniz@chronoengine.com,xvYwUTErkdtk,00000684
00000685,toloughanej0,msteuhlmeyerj0@spotify.com,SWbSd0ZaA,00000685
00000686,rpimj1,gnewartej1@about.me,6MAOo957,00000686
00000687,tpendergrastj2,egandertonj2@live.com,6bhYY3,00000687
00000688,nassardj3,ssommerlingj3@umich.edu,latYqPXdt,00000688
00000689,dvollethj4,kabramovitchj4@1688.com,oJXwVxhrjF,00000689
00000690,mberfordj5,acanizaresj5@twitter.com,t53fiGzHol,00000690
00000691,ascothronj6,atredwellj6@drupal.org,maCtAN,00000691
00000692,ldumbltonj7,nfilanj7@hubpages.com,xzhyL3EE4,00000692
00000693,lskaidj8,dcopnarj8@clickbank.net,SEtoKveysUzt,00000693
00000694,dnutleyj9,jlarverj9@amazonaws.com,I2NNx1VUEZO,00000694
00000695,jmarchingtonja,jquixleyja@shutterfly.com,XTrGHeSx,00000695
00000696,okelwayjb,ksallengerjb@cocolog-nifty.com,bO9caF3iP,00000696
00000697,jharpurjc,saronovitzjc@walmart.com,d6DWhACR,00000697
00000698,pmatteuzzijd,wkincadejd@uiuc.edu,BHwyeD,00000698
00000699,cimpyje,hmobbsje@altervista.org,cxyDtxW4,00000699
00000700,kswinburnjf,sgiacomuccijf@vistaprint.com,BJvmvqSZ1,00000700
00000701,jwilkinjg,rlealjg@myspace.com,qvwCAg6u2M,00000701
00000702,mbrutyjh,cgillisjh@oakley.com,sIAPi4r0E0a,00000702
00000703,tlinnerji,vfanstoneji@blogs.com,0TtwqYoJ,00000703
00000704,campsjj,ewincottjj@indiatimes.com,CbfnlbcjN,00000704
00000705,obuistjk,klascelljk@google.co.uk,jBGggT,00000705
00000706,breaderjl,mvignaljl@prlog.org,Wt0aQy,00000706
00000707,akohlertjm,owealljm@163.com,ymmB1kmAB,00000707
00000708,arathbournejn,bcuestajn@google.com.au,wOL1AGx,00000708
00000709,ncarterjo,brodenburghjo@va.gov,UES7Xd,00000709
00000710,mlowryjp,oparadinejp@intel.com,s5aZJjHbDHcJ,00000710
00000711,jmoraisjq,nhallenjq@twitpic.com,PukoUR,00000711
00000712,acosbeyjr,cprattinjr@hugedomains.com,vyz8a1S,00000712
00000713,ddracksfordjs,klabdonjs@businesswire.com,STh3oap4,00000713
00000714,gpaxefordjt,tmuffordjt@bigcartel.com,yX69TC,00000714
00000715,mkerssju,wclewettju@rakuten.co.jp,WDOlHfR,00000715
00000716,nmeyshamjv,ylytlejv@wikipedia.org,6YaMqXG,00000716
00000717,kmclenahanjw,rallcroftjw@sfgate.com,BYoTecJGbL,00000717
00000718,mhargetjx,ldebenedictisjx@ifeng.com,JNXp4HqrzRi,00000718
00000719,pedwinsjy,vkoenraadjy@boston.com,o5Fq1pjiB62,00000719
00000720,btidballjz,hwranglejz@instagram.com,r4QlG0Kor,00000720
00000721,fquestek0,rbillhamk0@nasa.gov,UFcH3M9,00000721
00000722,ldunkinsonk1,atrainerk1@typepad.com,K601jnr9,00000722
00000723,slambotk2,chebditchk2@blogtalkradio.com,NqsieIQh,00000723
00000724,jholsonk3,gclossk3@gov.uk,izQ8jLg5i,00000724
00000725,mmaclleesek4,crowdenk4@berkeley.edu,0tm3fCG4,00000725
00000726,jgoodliffek5,jwithringtenk5@privacy.gov.au,KbSTjsm,00000726
00000727,dosbank6,csamsonsenk6@linkedin.com,nolJZwdZ,00000727
00000728,glarosak7,froundingk7@behance.net,yFiQEMnYObgy,00000728
00000729,rbohlensk8,jpregelk8@ifeng.com,D8D9KdCEr,00000729
00000730,ekirwink9,kruppelek9@alexa.com,MSxRcKi,00000730
00000731,rbrounckerka,gtremathickka@bloomberg.com,GKGjloni9,00000731
00000732,ddjurevickb,aidalekb@hhs.gov,Y6Mkhr,00000732
00000733,cgodfroykc,eskiltonkc@elpais.com,vRXj2CxuYHo,00000733
00000734,fmartinokd,tsheptonkd@mlb.com,CEJHttxmf,00000734
00000735,tharlandke,elasteke@cnn.com,kPCNqw,00000735
00000736,ftrainerkf,lmctrustamkf@comcast.net,p7b4GC,00000736
00000737,bschimaschkekg,lflodekg@usnews.com,XDzkG5L,00000737
00000738,mmurtellkh,vtoupekh@msn.com,HAHstpYibF,00000738
00000739,ncoverdillki,jelsieki@simplemachines.org,z7CweIZ5Jl,00000739
00000740,aharcuskj,kpittfordkj@hao123.com,OROdx8My7S,00000740
00000741,bdunsterkk,mmeriottkk@is.gd,bJja8b5wgefC,00000741
00000742,jeggarkl,nbransbykl@artisteer.com,97hYuEoJ9qV,00000742
00000743,mbaldikm,cgundersonkm@nps.gov,xJbffcyo,00000743
00000744,cmckevinkn,ppachecokn@devhub.com,Hz0LO2FCA,00000744
00000745,rdymottko,wkadarko@reference.com,EDuXB0TSh8z,00000745
00000746,pifekp,gsmurthwaitekp@psu.edu,3de7BcocMZ,00000746
00000747,bratnagekq,jrosevearekq@dion.ne.jp,xyVlq9U,00000747
00000748,cmorenakr,cmcconnalkr@bluehost.com,uusxfSm,00000748
00000749,tsantryks,gjerrardks@netvibes.com,nERSKv8,00000749
00000750,tbaukt,cbagsterkt@senate.gov,iX03jG,00000750
00000751,sfiorentinoku,gmapowderku@howstuffworks.com,mpvIe4c23Vrq,00000751
00000752,dfowlerkv,kswadlenkv@nifty.com,DkMwTV,00000752
00000753,ioatteskw,jbengerkw@github.io,ApQ4VRRqynq,00000753
00000754,kdroverkx,vwoodgatekx@jalbum.net,oqb02n,00000754
00000755,aballintimeky,zjeggoky@bluehost.com,jCjM0EPYYTE,00000755
00000756,cbrycesonkz,obarkkz@narod.ru,X8wN3GdQ,00000756
00000757,aharkenl0,ashillingl0@t.co,62Z7hC,00000757
00000758,plettingtonl1,mwraightel1@com.com,LhCtrDS8,00000758
00000759,mfieldhousel2,wgedneyl2@washington.edu,Hrug8tip,00000759
00000760,clivesayl3,nfarndalel3@cnn.com,HMQ519tC2a,00000760
00000761,svanel4,bsparkwilll4@domainmarket.com,wUGpwI9,00000761
00000762,ilackintonl5,wcappl5@1und1.de,veHr09Bvp,00000762
00000763,dgarlingel6,lhorsleyl6@answers.com,HfI5IBM,00000763
00000764,jcescotl7,etilbyl7@time.com,29iON58rOe,00000764
00000765,ademangeonl8,wmccaulll8@foxnews.com,Elv0jZ2,00000765
00000766,mcollmanl9,aiveyl9@disqus.com,RV3Urijimq,00000766
00000767,hgutowskila,rduligallla@thetimes.co.uk,8lDhvVceg,00000767
00000768,lnorwaylb,gskerrettlb@netscape.com,LOTrYli,00000768
00000769,zleaslc,felielc@behance.net,ciVxkz1lBm,00000769
00000770,lpamphilonld,dmenichillold@ucsd.edu,2N0dpRKj53s0,00000770
00000771,edaileyle,churllle@utexas.edu,TA1K6rf1lf,00000771
00000772,pcollmanlf,sstrickettlf@last.fm,MfnZGm,00000772
00000773,aleborgnelg,nswainslg@parallels.com,bQ9eDptas,00000773
00000774,jmackettricklh,jgornalllh@google.ca,bl477B2LPDP,00000774
00000775,iglusbyli,ssoneli@nature.com,DpHHwx4hR,00000775
00000776,egintylj,lwinghamlj@google.fr,R2w4r2DiLvSU,00000776
00000777,acargenvenlk,emitchelllk@hhs.gov,RJMgpK7XM,00000777
00000778,zgrossll,hregusll@spotify.com,KWdV2B3zLjGi,00000778
00000779,fwarmishamlm,ddomelawlm@gov.uk,6FMYSlKbFp5,00000779
00000780,athornebarrowln,abrennenln@squidoo.com,rEJLTu0,00000780
00000781,shamlo,jtalmadgelo@twitter.com,2r52sAnchIj,00000781
00000782,rviegaslp,ocarseylp@multiply.com,H4jCLKxQAzRM,00000782
00000783,lroddicklq,kkeeslq@hp.com,MNFUyKCj2,00000783
00000784,ltreweeklr,tdmiseklr@tumblr.com,nHlV7Ww,00000784
00000785,tstetsonls,mjanouchls@unicef.org,a0ijpsifoV,00000785
00000786,chairelt,bogleslt@edublogs.org,kmCm4P1q,00000786
00000787,ajankiewiczlu,bendeanlu@paypal.com,e58fHjxmCnC,00000787
00000788,ayeslv,apurchonlv@webeden.co.uk,qHZIjKNxCiT,00000788
00000789,ehanhardlw,rklimkiewichlw@digg.com,YAQdzvlFQEeb,00000789
00000790,bsparwelllx,hfalloonlx@bizjournals.com,Qv23E0DB,00000790
00000791,okiebesly,mbeddonly@oracle.com,agTcx2,00000791
00000792,hzannottilz,todooleylz@comcast.net,kglVKa,00000792
00000793,rharkessm0,shardim0@webs.com,iPyz6qY4bt,00000793
00000794,bmuirheadm1,adunckleym1@dagondesign.com,MSAyFTtJM,00000794
00000795,hlucusm2,bsolanom2@nsw.gov.au,7loUKh,00000795
00000796,ghullm3,mdeighanm3@shutterfly.com,RSQrfmR,00000796
00000797,ldunningm4,mespinoym4@msn.com,5rrNQYRGxPy7,00000797
00000798,cnarupm5,jlivickm5@t-online.de,qVz6zA0kXP,00000798
00000799,dthreadkellm6,djerokm6@over-blog.com,iJy11A6KKJ,00000799
00000800,aazamm7,fziemkem7@barnesandnoble.com,AUJn5zLe4Wnp,00000800
00000801,biapicom8,rholganm8@jimdo.com,6dinF4,00000801
00000802,pmurram9,cperottim9@mit.edu,xtftiIuH,00000802
00000803,ajimenezma,yforesma@ox.ac.uk,z73kjwC0ipg,00000803
00000804,pmatthewsonmb,agreenhousemb@marriott.com,lukmIm1,00000804
00000805,jwallwoodmc,mharcombemc@studiopress.com,0YtJftjl5sf9,00000805
00000806,tparncuttmd,helrickmd@google.com.au,EcOrM6y,00000806
00000807,ebrezlawme,bsteetme@cnn.com,iE6zH1yBu,00000807
00000808,atorrisimf,emottleymf@usa.gov,kduSLNOo,00000808
00000809,zkearfordmg,evenablesmg@tamu.edu,zuIKGkO6IRqZ,00000809
00000810,jcubinmh,afiggermh@wisc.edu,cgYpdF6QzMfw,00000810
00000811,gjochenmi,rkasemi@ox.ac.uk,dFtV9ZzEXvz,00000811
00000812,feayrsmj,hoverthrowmj@dion.ne.jp,M55xtPD,00000812
00000813,rmantonmk,kfirmanmk@hexun.com,hadYwHuR,00000813
00000814,miresonml,orobertacciml@sun.com,TNWooFJVbC,00000814
00000815,cdykesmm,bjorgesenmm@stanford.edu,vbB8O4RQ4OvW,00000815
00000816,wmorlmn,bleopoldmn@elegantthemes.com,dxypYaMo0TqM,00000816
00000817,agumeymo,jounsworthmo@mediafire.com,bBk5mrb5pB,00000817
00000818,pkennerleymp,vschleswigholsteinmp@paypal.com,hSjnm9uZe7m,00000818
00000819,jdorsettmq,achauncemq@shop-pro.jp,3eunQyp8,00000819
00000820,monelemr,khearnmr@issuu.com,baZUcyf4R4kF,00000820
00000821,wlanchburyms,dmarjoramms@java.com,7v6jfXTGXFZ,00000821
00000822,fferrarimt,mfranekmt@cocolog-nifty.com,NQpyZEaZOXjV,00000822
00000823,nbagwellmu,mconklingmu@mit.edu,um53YIWa,00000823
00000824,bgreesonmv,jlundymv@hao123.com,IEP9GaCkOEC,00000824
00000825,dreddiemw,tshallikermw@stumbleupon.com,eI6wEpaiF,00000825
00000826,msurfleetmx,ewannopmx@nifty.com,NvAPsV5BJ,00000826
00000827,tpotapczukmy,dspearingmy@wikipedia.org,1aMGxE,00000827
00000828,jfrancommz,ddobelmz@slate.com,9NB2sMW,00000828
00000829,bandreolettin0,amoyseyn0@imdb.com,fcUXPL9cI,00000829
00000830,emcmurrayan1,edillingern1@aol.com,VZxsUEAB,00000830
00000831,pgodardn2,ccharvillen2@usda.gov,s0sXxYJlsN,00000831
00000832,chindmoorn3,efeildn3@squarespace.com,t89Xy10z,00000832
00000833,lguyen4,gcrusen4@bloglovin.com,yBLlC24s84qT,00000833
00000834,lflindalln5,aenrricon5@soundcloud.com,0mXr0PJF,00000834
00000835,gdegoeyn6,dlustyn6@reverbnation.com,I0y3YnQEM,00000835
00000836,ebortolomein7,mkoppken7@answers.com,bwWOvk7iZEz,00000836
00000837,mcroxtonn8,pfeldbergern8@dedecms.com,UYdVeGw,00000837
00000838,mmacraen9,jmclavertyn9@yellowpages.com,hwwxyvYg,00000838
00000839,bwendenna,blawlesna@omniture.com,SU98TBC0W,00000839
00000840,laldhamnb,rserlenb@parallels.com,cVV7j4aCaP,00000840
00000841,zoshesnannc,jtranfieldnc@hubpages.com,5alnuU8v8,00000841
00000842,kcriplend,abroznd@loc.gov,r0fslI4Qs,00000842
00000843,ccollatonne,crysdalene@uol.com.br,YqHP2fZt,00000843
00000844,kspennocknf,mrosenqvistnf@pen.io,Xvm6OHRWAQE6,00000844
00000845,jthoringtonng,roborneng@youtube.com,uXKE0Zm,00000845
00000846,wswainenh,iovittsnh@smugmug.com,qNNAYt4,00000846
00000847,lgierhardni,abasezzini@odnoklassniki.ru,fugXPkZMPw7,00000847
00000848,kspearettnj,apellantnj@w3.org,Mm4nIIXZt,00000848
00000849,anorthillnk,hbroginink@addtoany.com,FgM5r2eSSI,00000849
00000850,gandrolettinl,dpawlettnl@twitpic.com,LNnN1Vd,00000850
00000851,dgherardinm,lcampionenm@yolasite.com,0GTrLMpOu3i,00000851
00000852,agallowaynn,hragdalenn@utexas.edu,6a3Y1Ac,00000852
00000853,stuffinno,simortsno@phoca.cz,Apf4Oyga,00000853
00000854,mwitcombnp,eedenp@dell.com,nTi3MK2,00000854
00000855,smccullaghnq,cshilladaynq@dyndns.org,kAkFKW9,00000855
00000856,asnipenr,sgoodnownr@spiegel.de,kKOlipk,00000856
00000857,redgeonns,igreasleyns@shutterfly.com,a8IvjLEm,00000857
00000858,jhanigannt,jeliasnt@comsenz.com,NclpFvHRC,00000858
00000859,eenokssonnu,bleachnu@uol.com.br,WNKO6Yii,00000859
00000860,lheffordnv,ktweddlenv@stanford.edu,y2mvce,00000860
00000861,amcalpinenw,rlittlefairnw@msn.com,9jO60b,00000861
00000862,jwinsomenx,tsolwaynx@zimbio.com,ASDYWksH22,00000862
00000863,anotonny,edriffieldny@zimbio.com,w2m5VbD4g8sH,00000863
00000864,dandraudnz,rwagnerinnz@feedburner.com,CUN2b9lveNU,00000864
00000865,agabeyo0,cboughtono0@netlog.com,dVqqOnsQcc,00000865
00000866,csmallboneo1,osetono1@scribd.com,E4fOgiYmo,00000866
00000867,dhaggatao2,aharriskineo2@angelfire.com,EJ4BW5V,00000867
00000868,hbickleyo3,spagramo3@reuters.com,YyQT4Dpnc,00000868
00000869,smarklewo4,smarkeyo4@sciencedirect.com,C1LZ8PMDJw84,00000869
00000870,wwhitlamo5,bendeno5@blogspot.com,qwEOlrj7,00000870
00000871,candrico6,hharmstono6@cargocollective.com,LDLfN9k,00000871
00000872,jramsdello7,ksibberingo7@stumbleupon.com,5OUKZPg0jQt,00000872
00000873,kgreenhaugho8,rduforeo8@bluehost.com,4XcfkvKQLY6,00000873
00000874,kmclenahano9,skondrato9@hatena.ne.jp,f8FMJLhMAlcs,00000874
00000875,zchavesoa,rtockelloa@independent.co.uk,jbTcZvc2h,00000875
00000876,swychob,vchippob@amazon.de,wcB9dc,00000876
00000877,gguidellioc,qewingoc@parallels.com,nokL1ejvOgy,00000877
00000878,kdenisovichod,lgrederod@hao123.com,b8MejyFvpm,00000878
00000879,shampeoe,fprogeroe@npr.org,okCNpkkBD,00000879
00000880,bmecoof,mmeenehanof@sourceforge.net,c5meMw,00000880
00000881,rmatusovog,dguidoneog@google.nl,OXiYr4hItZn,00000881
00000882,cembyoh,fgadmanoh@cnbc.com,SFgXauFugh,00000882
00000883,acumminsoi,amicheauoi@weebly.com,YZCLTnO,00000883
00000884,ubidgoodoj,cbonessoj@nationalgeographic.com,Lji59OP9fNH,00000884
00000885,pbrinklowok,rcaldarook@columbia.edu,aAwCvGhdyTH,00000885
00000886,stenauntol,tsumnallol@spiegel.de,N6I3zkpV,00000886
00000887,nmckenneyom,jkhidrom@godaddy.com,DsPjhp0WF,00000887
00000888,fdekneveton,rbasilon@ftc.gov,eEZIlpT,00000888
00000889,nginnetyoo,nmewhaoo@nyu.edu,XaHTCcs,00000889
00000890,mpappiop,cbifieldop@de.vu,9cRZlpHiwiB,00000890
00000891,abiskupoq,rpourveeroq@multiply.com,TUscQ6WMu,00000891
00000892,cwhitleyor,crestorickor@360.cn,0DzTMRqK,00000892
00000893,fcurromos,zboynesos@meetup.com,Qp1e9zXtxyJU,00000893
00000894,kmacfarlandot,mcranstoneot@nature.com,TeWTvcT,00000894
00000895,llidgeyou,ebarlowou@archive.org,m65sgE4mv,00000895
00000896,wsavilleov,rspinoov@indiatimes.com,ixO81BpYfRO,00000896
00000897,kjedrzejow,dronchettiow@ovh.net,2yTkst6M,00000897
00000898,gmowerox,pkeanox@flavors.me,iPwDDjTk,00000898
00000899,ugabbitasoy,rciraldooy@who.int,NnwBGnDA,00000899
00000900,sroloffoz,zbelzoz@telegraph.co.uk,WvQO3t7TXP,00000900
00000901,astegerp0,hharrowp0@issuu.com,mT7zqlKyI2v,00000901
00000902,mskeldingep1,gberthp1@g.co,f2q7ts8No,00000902
00000903,sdumbrallp2,dtubbp2@cisco.com,RibgZzIiedX,00000903
00000904,oaudreyp3,zohlsenp3@bing.com,E5he9CP,00000904
00000905,rdonglesp4,nstitfallp4@sohu.com,vi06VFB,00000905
00000906,areesp5,gfarnorthp5@slate.com,m8ZliGj,00000906
00000907,vcowdreyp6,rchantp6@feedburner.com,ZJ3VegukRAp,00000907
00000908,sahlfp7,jfrayp7@ca.gov,y2ntaT28bg,00000908
00000909,rgilbanksp8,zmaltp8@edublogs.org,ooMk1GW0,00000909
00000910,crickellp9,bcreadyp9@clickbank.net,d3Mk9Rq,00000910
00000911,kbricepa,ahagguspa@oracle.com,IZ0tTOgcaBcW,00000911
00000912,amundfordpb,gtrehearnpb@fda.gov,4TzSxKAVze4,00000912
00000913,mcraigiepc,mmcglonepc@cdbaby.com,BjVRUWIbO,00000913
00000914,jcolthurstpd,rcamelpd@dagondesign.com,sRd1uilIUxQ,00000914
00000915,kbeekepe,rschwaigerpe@over-blog.com,cRjsqXj43O,00000915
00000916,dsebastianpf,flunapf@flickr.com,1i9bkL7Hs,00000916
00000917,ksproulpg,rmylanpg@nba.com,UFvvziZr,00000917
00000918,wparkhouseph,cbabbidgeph@amazon.co.jp,H5GSKV,00000918
00000919,tbovispi,ehullyerpi@amazon.co.uk,5zq16Nb0h,00000919
00000920,chaightonpj,eperciferpj@abc.net.au,j3MTuC3Y,00000920
00000921,dridulfopk,kdeverillepk@icq.com,m5qTgF,00000921
00000922,jguihenpl,scapenorpl@narod.ru,LQol2uzSa0,00000922
00000923,vdrieupm,cstandfieldpm@narod.ru,68TEenLwj0s7,00000923
00000924,pwoodgerpn,rkearfordpn@smh.com.au,EIWJYy,00000924
00000925,pkleiserpo,udacthpo@nbcnews.com,7zXFQL,00000925
00000926,orainvillepp,rdanigelpp@baidu.com,VF7lGS6ddH,00000926
00000927,mstpierrepq,dbleimanpq@theguardian.com,KHO1CxQmW,00000927
00000928,mainscoughpr,nhunstonepr@cnet.com,ISB78wTq5a,00000928
00000929,rrediersps,ccranageps@slashdot.org,1yOirrb2FX,00000929
00000930,hduckerpt,cblackwellpt@slate.com,Ru0rjRW,00000930
00000931,teixenbergerpu,ginchboardpu@diigo.com,6fWmcCBKIyV,00000931
00000932,cstathorpv,tpresdiepv@usda.gov,hJ0Rwo19Y,00000932
00000933,nmclernonpw,fbukowskipw@macromedia.com,IBdF2gJ,00000933
00000934,gtraynorpx,tfiddymontpx@meetup.com,uSOgzb0B,00000934
00000935,kgrevepy,rmoverleypy@zimbio.com,43kGeYKOZOYI,00000935
00000936,ibannonpz,ldagworthypz@xinhuanet.com,hjVN1pgvJ,00000936
00000937,acutridgeq0,bmackayq0@businesswire.com,q0ohbv,00000937
00000938,chalfhydeq1,bdyasq1@ft.com,kjCOJl,00000938
00000939,cfieldenq2,lmatessianq2@sbwire.com,rs5YODACPb,00000939
00000940,jmcquakerq3,jbasfordq3@intel.com,dmyXMs921BvR,00000940
00000941,hgroutq4,gjewersq4@globo.com,NGnkNFM,00000941
00000942,fholtawayq5,rgorlerq5@marriott.com,h06LqrDn7tn,00000942
00000943,awartersq6,pjoelq6@acquirethisname.com,EPtveo0OK3M,00000943
00000944,areddochq7,colneyq7@google.ca,HlGHmbDxv8w,00000944
00000945,vmcclayq8,fferschkeq8@amazon.com,61vKei,00000945
00000946,jconnoldq9,qcuddyq9@sogou.com,8BOSWECsli,00000946
00000947,nbiltonqa,dcreevyqa@merriam-webster.com,XMl7z6S,00000947
00000948,smunfordqb,dcornthwaiteqb@artisteer.com,BzJff88g0h,00000948
00000949,smathivatqc,wbenziesqc@redcross.org,MzKBoK1j,00000949
00000950,aiacoboqd,adrakardqd@un.org,Ou0Xa4OE,00000950
00000951,agerrillqe,lwicklinqe@skyrock.com,qWkrAfBXd,00000951
00000952,eperinqf,fgleadhallqf@bandcamp.com,vzjxw8qDDVH,00000952
00000953,vweondqg,fcrockattqg@dmoz.org,Sl1NvzfG,00000953
00000954,rbetkeqh,amessiterqh@reference.com,hZSZTEKhdV1f,00000954
00000955,dgasparqi,jhilldropqi@last.fm,hfAmCupZNJC,00000955
00000956,fstillingqj,pfydoqj@youtube.com,hLOSbgNqa,00000956
00000957,bmasoqk,darrighiniqk@cisco.com,Ol12TBhSVCD,00000957
00000958,emullordql,jhuardql@reddit.com,vmC7QauS442,00000958
00000959,ndeightonqm,xbondsqm@homestead.com,ac8tQhDZBd,00000959
00000960,lscoldingqn,asijmonsqn@myspace.com,sFF2LOu3,00000960
00000961,jjordinqo,dhercheqo@yellowpages.com,nZbOTEJmtt8,00000961
00000962,tstaileyqp,lbranwhiteqp@ucoz.ru,am7dl9o4xor,00000962
00000963,pscuddersqq,aeatesqq@zimbio.com,c9nkZNp7r,00000963
00000964,bleelqr,amonetiqr@cloudflare.com,NGLVZW,00000964
00000965,mledburyqs,bdingqs@bloglovin.com,WnqyT0ljdbVs,00000965
00000966,tlawdhamqt,tlethleyqt@discovery.com,4gd9wv,00000966
00000967,tfarryanqu,fstuckqu@furl.net,JB4Ef3a9nIT8,00000967
00000968,ajantetqv,dmarkovichqv@blogtalkradio.com,Dus78u8Gz,00000968
00000969,sgiraudouqw,ytomeoqw@mtv.com,wrKULvXNHXtf,00000969
00000970,mmatignonqx,tdaccaqx@cyberchimps.com,twZ49UCNW,00000970
00000971,kkeddieqy,jhuleattqy@simplemachines.org,H53SzW51,00000971
00000972,cleechmanqz,aravensqz@microsoft.com,cwbLVib,00000972
00000973,ahosbyr0,dtackr0@ibm.com,pBiVZqi2KAQ,00000973
00000974,kcherryr1,kcacacier1@webnode.com,U0PcIZhAo,00000974
00000975,rrolingsonr2,mpaulonr2@nationalgeographic.com,wTxcs9ikXf84,00000975
00000976,cweildishr3,rbiasior3@macromedia.com,Sx8Qjif8rYc,00000976
00000977,bbruhnker4,gsamuelsr4@gmpg.org,wwEZ9v0ADN,00000977
00000978,hbrecknallr5,egrewerr5@mapquest.com,mPdGjqtK9e3,00000978
00000979,ubeswellr6,oponcefordr6@digg.com,TxIYCcq,00000979
00000980,tpresdier7,odeightonr7@ox.ac.uk,TH7pYuhsOE3,00000980
00000981,msealandr8,erandalesr8@soup.io,B9xcnSmzn,00000981
00000982,dodreainr9,rweitzelr9@craigslist.org,o5IF8SB5,00000982
00000983,gstammlerra,tsackurra@webnode.com,lUwoPwhL,00000983
00000984,edrohunrb,fgodwinrb@nytimes.com,pMenYcCNg11,00000984
00000985,acislandrc,hsmoutrc@about.com,JxhldMtduPRZ,00000985
00000986,tsansomrd,ccoltmanrd@t.co,8mSYU8uny,00000986
00000987,bbustre,mfilipputtire@cornell.edu,6el7s0T8Tv,00000987
00000988,pharcourtrf,dhucklesbyrf@ycombinator.com,zdVfjl,00000988
00000989,kcheserg,gberirg@stumbleupon.com,p2xHaAlcebY,00000989
00000990,aworboyrh,rrichardtrh@independent.co.uk,vwBy9WS7dTV,00000990
00000991,dvasyatkinri,jkonzelri@amazon.co.uk,yA2g2DtoMpHB,00000991
00000992,lovellrj,gminchellarj@omniture.com,IgxvYIx3l,00000992
00000993,ajeanrk,efallowsrk@businesswire.com,RafJwcQJ32,00000993
00000994,eschrirrl,glombardrl@discovery.com,EibrvgzG50oE,00000994
00000995,hsockellrm,ghirtzrm@nydailynews.com,gIB01G,00000995
00000996,wboswellrn,lrubesrn@ow.ly,8qDREz5W,00000996
00000997,adeavinro,aflugerro@wikia.com,etNqtWpf8xns,00000997
00000998,adahlborgrp,hluttgerrp@indiatimes.com,gIkZJ1DvJCb4,00000998
00000999,bembletonrq,abasdenrq@qq.com,sHq1Abx6wwq,00000999
00001000,jdoyleyrr,akirdschrr@uiuc.edu,2r3qeSg,00001000